{"cameraMode":{"drawMode":0,"name":"Shaded","section":"Shading Mode"},"sceneLighting":false,"audioPlay":false,"sceneViewState":{"showFog":true,"showMaterialUpdate":false,"showSkybox":false,"showFlares":true,"showImageEffects":true,"showParticleSystems":true},"in2DMode":false,"pivot":{"x":0.008209466934204102,"y":0.9768893718719482,"z":0.025226831436157228},"rotation":{"x":-0.12298906594514847,"y":0.4239172339439392,"z":-0.05822829529643059,"w":-0.895420253276825},"size":2.452754259109497,"orthographic":false}