{"cameraMode":{"drawMode":0,"name":"Shaded","section":"Shading Mode"},"sceneLighting":true,"audioPlay":false,"sceneViewState":{"showFog":true,"showMaterialUpdate":false,"showSkybox":true,"showFlares":true,"showImageEffects":true,"showParticleSystems":true},"in2DMode":false,"pivot":{"x":3.660275459289551,"y":0.7939808964729309,"z":2.919950485229492},"rotation":{"x":0.014664632268249989,"y":0.9838269948959351,"z":-0.15020665526390077,"w":0.09647535532712937},"size":3.0513415336608888,"orthographic":false}