{"cameraMode":{"drawMode":0,"name":"Shaded","section":"Shading Mode"},"sceneLighting":false,"audioPlay":false,"sceneViewState":{"showFog":true,"showMaterialUpdate":false,"showSkybox":false,"showFlares":true,"showImageEffects":true,"showParticleSystems":true},"in2DMode":false,"pivot":{"x":-0.6597537994384766,"y":-1.2077181339263917,"z":1.038079023361206},"rotation":{"x":-0.10471700131893158,"y":-0.6839271187782288,"z":0.10027685761451721,"w":-0.7149983644485474},"size":6.767632484436035,"orthographic":false}